EmployeeNumber,Department,PerformanceScore,TasksCompleted,ContractHours,TrainingHours,SkillRating,AbsenteeismDays
1,Sales,3,108,50,34,3,3
3,Research & Development,3,95,40,36,2,6
4,Research & Development,3,69,40,37,3,10
6,Research & Development,2,72,45,28,2,8
7,Research & Development,4,111,40,22,3,1
8,Research & Development,3,102,45,43,3,3
10,Sales,4,82,40,44,3,2
11,Sales,3,120,50,31,4,6
13,Sales,3,94,45,28,2,3
14,Research & Development,4,101,45,24,3,2
16,Research & Development,3,84,40,29,3,10
19,Research & Development,4,94,40,35,4,3
21,Research & Development,3,116,45,21,3,5
24,Research & Development,3,82,40,26,3,6
25,Research & Development,3,84,40,23,2,5
26,Research & Development,2,83,40,20,1,9
28,Research & Development,3,105,40,38,3,4
29,Sales,3,65,40,41,3,0
30,Research & Development,4,102,45,33,4,0
31,Research & Development,3,79,40,27,2,0
32,Human Resources,3,88,40,14,3,4
33,Research & Development,3,76,45,14,3,4
34,Research & Development,3,112,40,35,2,4
39,Sales,4,104,40,40,4,1
40,Research & Development,3,81,40,23,3,5
42,Human Resources,4,91,40,27,3,6
43,Research & Development,3,132,45,34,4,4
44,Sales,3,81,40,36,3,1
45,Human Resources,3,76,40,34,3,0
46,Sales,4,92,50,39,4,5
48,Sales,3,66,40,29,3,4
49,Research & Development,4,104,45,37,3,6
50,Research & Development,3,91,40,24,3,7
52,Sales,3,79,40,35,3,8
53,Research & Development,3,89,40,23,3,4
55,Research & Development,4,135,40,23,3,11
56,Sales,3,86,45,20,4,5
57,Sales,3,104,45,25,3,2
58,Sales,3,63,40,28,3,0
59,Research & Development,3,95,50,37,3,3
60,Research & Development,3,104,40,27,3,5
61,Research & Development,3,77,45,26,3,3
62,Sales,4,90,40,31,4,6
63,Research & Development,3,100,40,24,3,3
64,Human Resources,4,75,40,41,5,3
66,Sales,3,90,45,22,2,5
67,Human Resources,3,71,50,28,3,3
68,Research & Development,3,84,40,28,3,5
69,Research & Development,3,87,40,30,2,6
70,Sales,3,93,40,33,2,6
71,Research & Development,3,131,40,34,2,4
72,Sales,3,77,40,36,3,4
73,Research & Development,3,99,40,33,2,0
74,Research & Development,3,87,40,30,3,0
75,Research & Development,3,103,45,19,3,4
76,Sales,3,95,40,35,3,5
77,Research & Development,3,110,40,11,3,4
78,Research & Development,2,102,45,32,2,5
79,Research & Development,3,95,45,21,2,5
80,Sales,3,83,40,19,3,6
81,Research & Development,3,111,40,21,4,2
82,Research & Development,2,106,40,14,2,6
83,Human Resources,3,76,40,39,3,1
84,Sales,3,101,40,36,3,0
85,Research & Development,3,112,50,36,3,0
86,Human Resources,3,85,40,42,3,4
87,Research & Development,2,83,40,30,1,0
88,Research & Development,4,123,40,43,4,0
89,Human Resources,3,60,45,21,3,4
91,Research & Development,4,99,45,28,4,1
92,Research & Development,3,116,40,23,3,0
93,Research & Development,3,96,45,36,3,7
95,Research & Development,4,116,40,26,3,0
97,Human Resources,4,75,40,45,4,8
98,Human Resources,3,90,45,10,4,6
100,Sales,4,83,45,30,4,2
101,Research & Development,3,87,45,37,3,1
102,Human Resources,4,53,45,31,5,3
103,Research & Development,2,95,40,19,2,5
105,Research & Development,3,95,40,23,3,2
106,Research & Development,3,87,40,27,3,1
107,Sales,3,77,40,36,2,5
108,Research & Development,3,130,40,14,2,7
109,Research & Development,3,138,40,30,3,1
110,Research & Development,3,87,50,38,2,3
111,Research & Development,3,87,45,31,3,5
112,Research & Development,4,91,50,23,4,1
114,Human Resources,4,65,40,40,4,3
116,Research & Development,3,91,50,42,2,5
118,Research & Development,3,123,45,33,3,5
119,Sales,3,85,40,23,2,5
121,Research & Development,4,123,40,28,4,2
122,Research & Development,3,105,40,30,3,5
124,Research & Development,1,74,40,13,1,0
125,Sales,3,88,40,40,3,3
126,Human Resources,3,83,45,36,3,3
127,Research & Development,3,132,40,33,3,2
129,Sales,3,91,40,24,3,0
130,Research & Development,3,82,50,18,3,10
132,Research & Development,3,75,45,25,4,6
133,Sales,3,115,40,28,2,3
134,Research & Development,3,121,45,26,2,4
136,Sales,4,96,50,18,4,0
137,Research & Development,1,81,50,19,1,0
138,Research & Development,3,91,40,47,4,1
139,Research & Development,4,102,40,38,3,2
140,Research & Development,2,102,40,21,2,7
141,Research & Development,3,99,50,24,3,0
142,Research & Development,4,92,45,38,4,0
143,Human Resources,3,87,40,33,3,5
145,Research & Development,4,99,40,34,4,3
146,Research & Development,3,92,45,41,3,4
148,Research & Development,3,95,45,26,3,8
149,Research & Development,4,118,40,39,3,2
156,Research & Development,4,101,40,36,4,1
157,Research & Development,3,116,40,30,3,0
159,Research & Development,3,94,45,30,3,2
163,Research & Development,3,106,40,20,3,0
164,Research & Development,1,99,40,19,1,4
165,Research & Development,3,100,40,32,3,3
166,Human Resources,3,50,40,21,2,3
167,Research & Development,3,92,40,10,3,3
168,Sales,3,89,40,32,3,1
169,Research & Development,3,108,40,35,4,3
170,Sales,4,81,40,33,4,4
171,Research & Development,3,84,45,19,4,2
172,Sales,4,107,40,34,5,7
173,Research & Development,3,89,45,29,3,3
174,Human Resources,4,71,45,32,3,2
175,Research & Development,3,72,45,44,3,5
176,Research & Development,4,77,45,18,5,4
177,Research & Development,4,89,40,39,3,0
178,Sales,4,110,45,25,4,6
179,Research & Development,3,92,45,37,4,3
180,Human Resources,3,93,40,17,3,4
182,Research & Development,3,96,45,22,3,0
183,Sales,3,121,40,35,2,4
184,Research & Development,3,82,45,28,2,5
185,Research & Development,3,88,40,25,3,2
186,Research & Development,3,93,45,17,3,0
189,Research & Development,3,103,45,39,2,8
193,Sales,3,97,40,15,3,4
194,Research & Development,3,85,40,36,3,6
195,Research & Development,4,95,40,51,4,0
196,Research & Development,3,71,50,19,2,4
197,Sales,3,77,40,32,3,4
199,Sales,3,95,40,30,4,2
200,Human Resources,3,38,45,28,2,3
204,Research & Development,3,103,40,18,2,7
205,Research & Development,3,117,45,33,3,2
206,Human Resources,3,77,40,26,2,3
209,Sales,3,97,40,33,3,1
210,Sales,4,107,50,38,4,2
211,Sales,3,111,40,24,2,1
212,Sales,4,88,40,33,3,1
213,Research & Development,3,118,40,22,3,9
214,Research & Development,3,115,45,30,3,4
215,Research & Development,3,92,45,25,3,3
216,Research & Development,3,102,40,25,4,4
219,Research & Development,3,89,45,34,3,4
221,Research & Development,3,113,40,29,3,5
222,Human Resources,3,79,40,42,3,6
223,Human Resources,3,49,45,23,3,3
224,Human Resources,3,55,40,30,3,4
225,Research & Development,4,97,50,35,3,4
227,Research & Development,3,99,40,47,3,5
228,Sales,3,77,45,39,3,3
229,Human Resources,3,81,40,33,3,0
232,Research & Development,4,118,45,35,4,4
233,Research & Development,3,92,40,32,2,5
234,Sales,3,142,40,17,2,4
235,Sales,2,54,45,22,1,8
236,Research & Development,4,97,50,37,4,0
237,Sales,3,97,40,42,3,2
238,Sales,3,111,45,24,3,6
239,Sales,3,101,40,15,2,7
240,Sales,4,86,45,31,4,6
241,Research & Development,3,90,40,28,3,5
243,Research & Development,3,90,40,30,2,5
244,Sales,2,94,40,24,1,1
245,Research & Development,3,122,45,25,2,0
248,Sales,3,100,40,22,3,0
249,Research & Development,3,73,45,30,2,2
250,Human Resources,3,77,45,20,2,5
251,Human Resources,3,69,40,25,3,4
252,Sales,4,96,40,31,4,1
255,Research & Development,3,104,45,25,4,0
256,Research & Development,3,63,50,30,3,2
257,Research & Development,4,111,40,24,4,8
259,Research & Development,3,97,40,13,3,4
260,Research & Development,3,114,40,24,3,2
261,Human Resources,4,85,40,32,4,1
262,Sales,3,84,50,18,3,2
265,Research & Development,3,89,40,27,3,4
266,Sales,3,81,45,31,3,7
267,Human Resources,3,74,50,26,3,0
268,Human Resources,3,80,40,18,2,3
271,Research & Development,3,111,40,39,2,4
272,Research & Development,3,126,40,23,3,0
273,Research & Development,3,115,40,12,3,8
274,Research & Development,3,97,45,20,2,7
275,Sales,3,99,40,27,3,7
276,Research & Development,3,99,45,45,3,2
277,Sales,4,103,40,34,4,0
278,Research & Development,3,108,45,19,3,2
281,Sales,3,86,40,34,3,0
282,Research & Development,3,111,40,26,2,3
283,Research & Development,3,74,50,29,3,1
286,Research & Development,3,91,45,37,3,2
287,Research & Development,4,150,40,31,4,7
288,Research & Development,4,90,40,35,3,0
290,Sales,3,104,40,20,3,3
291,Sales,3,102,45,36,3,2
292,Sales,4,128,40,16,4,3
293,Research & Development,4,119,45,27,3,7
295,Sales,3,99,40,26,3,6
297,Research & Development,4,105,40,38,4,2
298,Sales,3,113,40,23,1,2
299,Research & Development,4,131,40,33,3,4
300,Research & Development,3,116,40,43,2,0
301,Sales,3,76,45,19,3,3
303,Research & Development,3,105,40,35,2,5
304,Research & Development,3,94,50,29,3,9
306,Human Resources,3,75,40,32,3,6
307,Research & Development,4,118,45,42,3,8
308,Research & Development,3,109,45,31,3,5
309,Research & Development,4,104,40,29,4,12
310,Research & Development,3,95,40,28,2,1
311,Sales,3,98,45,23,3,3
312,Research & Development,3,88,45,28,4,5
313,Research & Development,3,98,50,25,3,2
315,Research & Development,3,88,40,30,3,1
316,Research & Development,3,67,45,31,3,0
317,Research & Development,3,82,40,16,3,0
319,Research & Development,3,102,45,38,2,0
320,Research & Development,3,81,40,31,3,6
322,Research & Development,3,97,40,20,3,5
323,Research & Development,3,119,40,34,3,3
324,Research & Development,3,115,40,32,3,5
325,Research & Development,4,119,45,37,4,1
326,Research & Development,3,114,45,27,3,4
327,Research & Development,3,101,45,17,4,1
328,Sales,3,98,50,36,4,0
329,Research & Development,3,95,40,37,3,1
330,Sales,2,83,40,29,2,0
332,Sales,4,73,40,19,4,1
333,Research & Development,3,103,40,20,3,6
334,Research & Development,3,92,40,46,3,3
335,Research & Development,4,119,45,32,4,1
337,Sales,4,92,45,33,5,4
339,Research & Development,3,80,50,46,3,2
340,Sales,3,60,45,12,3,5
342,Human Resources,4,102,45,34,4,2
343,Sales,3,84,40,30,3,5
344,Sales,3,90,50,49,2,7
345,Research & Development,4,106,40,29,4,7
347,Research & Development,4,103,40,34,3,0
348,Research & Development,4,117,45,17,3,2
349,Research & Development,2,108,50,5,2,0
350,Sales,2,73,40,34,2,8
351,Sales,3,79,40,37,3,6
352,Human Resources,3,60,40,36,3,0
353,Research & Development,4,93,40,36,4,0
354,Research & Development,4,110,40,29,4,8
355,Research & Development,3,103,40,26,2,8
356,Research & Development,4,135,40,32,4,6
358,Human Resources,4,71,40,39,4,3
359,Research & Development,3,112,45,27,4,9
360,Research & Development,4,105,45,37,3,5
361,Human Resources,2,67,40,12,2,5
362,Research & Development,3,97,40,24,3,0
363,Sales,3,92,50,33,3,7
364,Sales,3,102,45,41,4,3
365,Human Resources,3,71,45,43,2,5
366,Research & Development,3,93,45,31,3,2
367,Human Resources,4,94,40,38,4,0
368,Research & Development,4,123,40,44,4,1
369,Research & Development,3,116,45,30,3,5
371,Research & Development,3,87,40,27,2,1
372,Research & Development,3,101,40,25,2,5
373,Sales,3,92,40,49,3,5
374,Research & Development,3,69,40,33,2,6
375,Sales,3,90,50,30,3,5
376,Sales,3,101,40,21,2,0
377,Human Resources,3,78,40,34,3,0
378,Sales,4,97,45,43,4,0
381,Research & Development,3,87,40,37,3,0
382,Research & Development,4,125,45,34,4,0
383,Sales,3,101,40,39,2,0
384,Sales,3,90,40,26,3,6
386,Research & Development,3,109,40,29,3,1
387,Sales,3,79,40,27,3,2
388,Research & Development,3,114,40,31,3,4
389,Research & Development,3,93,45,16,3,2
390,Sales,2,57,50,27,1,4
391,Research & Development,4,106,45,33,4,4
394,Sales,3,94,40,26,3,6
395,Sales,3,112,45,32,2,1
396,Sales,3,87,45,22,3,4
399,Sales,3,66,50,37,3,5
402,Sales,3,105,40,39,3,4
405,Sales,3,103,50,27,4,2
406,Research & Development,3,86,40,23,3,3
409,Human Resources,3,76,45,16,3,1
410,Human Resources,3,88,40,25,2,1
411,Research & Development,3,95,40,24,3,7
412,Research & Development,4,113,40,29,3,1
414,Research & Development,3,97,45,30,3,4
415,Research & Development,3,83,40,23,3,4
416,Research & Development,3,122,40,17,3,0
417,Research & Development,3,97,40,36,3,0
420,Research & Development,4,124,40,40,4,0
421,Sales,3,73,40,21,3,3
422,Research & Development,3,83,45,22,3,0
423,Sales,3,126,45,39,3,0
424,Sales,3,72,40,26,2,0
425,Sales,3,68,40,35,3,0
426,Research & Development,3,98,45,43,2,4
427,Sales,3,91,45,35,2,0
428,Sales,3,94,40,38,2,5
429,Human Resources,3,56,40,20,3,1
430,Research & Development,4,112,40,22,4,1
431,Research & Development,3,99,40,25,3,1
433,Research & Development,3,74,45,12,3,9
434,Research & Development,2,64,40,21,2,1
435,Research & Development,3,87,40,3,3,5
436,Research & Development,3,89,40,29,3,3
437,Research & Development,3,81,45,35,3,2
439,Research & Development,3,76,40,42,3,2
440,Research & Development,4,132,45,31,4,8
441,Research & Development,4,128,40,28,4,0
443,Research & Development,3,105,40,31,3,5
445,Human Resources,3,88,45,25,2,5
446,Research & Development,3,96,40,33,3,3
447,Research & Development,4,113,50,30,4,0
448,Research & Development,4,89,40,39,4,0
449,Sales,3,109,40,30,3,0
450,Research & Development,3,99,40,31,2,2
451,Research & Development,3,117,40,28,2,7
452,Research & Development,3,102,40,21,3,7
454,Human Resources,3,85,45,37,3,0
455,Research & Development,3,104,40,16,2,0
458,Sales,3,105,50,32,2,3
459,Sales,3,90,40,35,4,0
461,Research & Development,3,100,40,32,3,5
462,Research & Development,4,135,50,33,4,3
463,Research & Development,3,112,45,12,3,0
465,Research & Development,4,97,40,31,4,0
466,Sales,3,94,40,28,4,7
468,Research & Development,3,65,45,19,3,2
469,Sales,3,75,45,29,2,1
472,Research & Development,2,112,40,33,2,2
476,Sales,3,77,40,20,3,8
478,Sales,3,92,45,37,3,0
479,Research & Development,3,104,40,2,3,1
480,Human Resources,3,60,45,24,2,0
481,Research & Development,4,72,50,24,4,1
482,Research & Development,3,105,40,17,3,3
483,Sales,3,87,45,18,3,0
484,Sales,3,78,40,29,3,5
486,Research & Development,2,98,40,22,2,3
487,Research & Development,2,96,45,29,2,2
491,Research & Development,3,106,40,23,2,7
492,Research & Development,4,104,40,36,4,2
494,Sales,3,93,40,29,3,2
495,Human Resources,3,35,40,39,2,10
496,Research & Development,4,121,40,40,4,1
498,Research & Development,2,104,40,16,2,2
500,Research & Development,3,114,40,43,3,4
501,Human Resources,3,55,40,28,2,5
502,Research & Development,3,116,40,23,4,7
504,Research & Development,3,101,45,29,4,2
505,Research & Development,3,90,45,35,3,0
506,Sales,3,81,45,45,3,9
507,Sales,3,64,40,44,2,0
508,Research & Development,3,111,50,42,2,1
509,Research & Development,3,84,40,23,3,5
511,Research & Development,2,74,45,35,1,2
514,Research & Development,3,72,50,24,3,2
515,Sales,3,102,40,27,3,1
517,Sales,3,79,40,29,2,7
519,Sales,3,69,40,35,3,0
520,Research & Development,3,106,40,38,2,0
523,Sales,3,82,40,39,4,8
524,Sales,4,108,45,25,4,7
526,Sales,3,66,45,40,2,0
527,Sales,3,116,45,32,3,3
528,Research & Development,2,77,40,31,1,7
529,Sales,3,62,50,20,3,1
530,Research & Development,4,128,40,35,3,0
531,Research & Development,3,93,40,21,4,0
532,Research & Development,3,94,40,25,2,8
533,Sales,3,97,40,33,3,4
534,Research & Development,3,95,45,32,3,1
535,Research & Development,3,89,50,36,3,3
536,Research & Development,3,87,40,20,2,3
537,Research & Development,3,114,45,23,3,4
539,Sales,3,112,40,39,3,3
540,Sales,4,116,40,43,3,5
542,Research & Development,4,107,40,37,4,3
543,Sales,3,94,40,20,3,2
544,Research & Development,4,121,45,23,4,4
545,Human Resources,4,87,40,18,4,0
546,Sales,3,79,40,27,1,0
548,Research & Development,3,63,45,22,2,4
549,Sales,2,83,45,30,2,2
550,Sales,1,86,40,7,1,13
552,Sales,4,112,45,39,3,5
553,Research & Development,3,98,45,28,2,5
554,Research & Development,4,106,45,28,4,0
555,Sales,3,103,45,37,3,4
556,Research & Development,2,81,45,26,2,0
558,Sales,4,96,45,39,4,0
559,Research & Development,3,79,40,30,2,0
561,Human Resources,4,88,45,45,5,0
562,Human Resources,3,88,50,32,2,6
565,Research & Development,2,88,45,15,2,0
567,Research & Development,3,94,45,29,3,4
568,Research & Development,4,142,45,21,4,0
569,Research & Development,3,126,40,21,3,2
571,Sales,3,103,45,37,3,1
572,Research & Development,4,145,40,33,5,2
573,Research & Development,3,123,45,9,3,6
574,Human Resources,4,113,50,37,4,4
576,Research & Development,3,93,50,16,3,9
577,Human Resources,3,99,45,30,3,0
579,Research & Development,3,61,40,33,2,3
580,Research & Development,4,97,40,42,4,0
582,Sales,3,98,40,25,3,1
583,Research & Development,3,128,45,41,3,0
584,Sales,3,95,40,33,2,4
585,Research & Development,3,100,40,27,2,3
586,Research & Development,3,106,40,26,4,3
588,Sales,3,83,50,32,2,4
589,Research & Development,3,112,45,34,2,6
590,Research & Development,2,84,40,38,2,2
591,Research & Development,3,94,45,47,3,2
592,Research & Development,3,98,40,26,2,5
594,Research & Development,4,143,45,37,4,9
595,Research & Development,2,89,40,25,1,3
596,Research & Development,4,109,45,37,4,6
597,Research & Development,4,100,40,61,3,6
598,Sales,3,69,45,32,3,1
599,Research & Development,3,108,45,34,3,0
600,Research & Development,4,116,45,33,3,0
602,Research & Development,3,101,45,21,3,2
603,Research & Development,3,115,45,37,2,4
604,Sales,3,81,40,20,2,1
606,Sales,3,81,45,35,3,0
608,Research & Development,3,94,40,31,3,6
610,Sales,3,92,40,30,3,1
611,Sales,3,72,40,39,3,0
612,Research & Development,4,105,45,44,4,1
614,Research & Development,3,99,45,32,2,0
615,Research & Development,3,110,40,29,3,0
616,Research & Development,4,129,40,21,4,3
618,Sales,3,100,40,50,3,3
619,Research & Development,3,90,40,22,3,0
620,Sales,3,71,40,30,2,1
621,Research & Development,3,105,45,30,3,3
622,Research & Development,2,106,40,23,1,5
623,Research & Development,3,85,40,36,3,7
625,Research & Development,3,113,40,17,2,1
627,Research & Development,4,109,40,33,4,2
629,Sales,4,105,40,35,3,3
630,Research & Development,3,96,40,18,4,0
631,Sales,3,77,40,16,2,0
632,Sales,3,104,45,32,4,5
635,Sales,3,73,40,28,3,2
637,Sales,3,111,40,19,4,5
638,Sales,3,99,40,16,3,7
639,Research & Development,3,117,40,29,3,0
644,Research & Development,3,97,40,31,3,6
645,Research & Development,4,95,40,30,4,4
650,Sales,3,77,40,15,3,6
651,Research & Development,3,127,50,29,3,1
652,Research & Development,1,50,40,18,1,3
653,Research & Development,3,84,50,29,3,5
655,Sales,2,90,40,24,2,0
658,Sales,3,110,50,31,3,0
661,Human Resources,4,95,40,31,4,3
662,Sales,3,94,45,27,3,8
665,Research & Development,3,125,40,25,4,2
666,Research & Development,3,117,45,24,3,4
667,Research & Development,3,100,45,25,2,5
668,Research & Development,4,116,40,29,4,2
669,Sales,3,93,40,23,3,4
670,Sales,4,99,40,30,4,6
671,Research & Development,3,87,40,35,3,2
672,Research & Development,4,113,45,28,4,4
673,Research & Development,4,93,40,44,4,0
674,Research & Development,3,116,40,46,3,4
675,Research & Development,4,104,40,29,4,1
677,Sales,4,106,40,27,4,3
678,Sales,3,112,40,29,3,5
679,Research & Development,1,74,40,31,1,3
680,Human Resources,3,99,45,21,2,1
681,Human Resources,3,52,40,28,2,6
683,Research & Development,3,100,40,27,2,0
687,Research & Development,3,79,40,22,3,2
689,Sales,3,81,45,23,2,1
692,Research & Development,3,117,40,48,2,0
693,Research & Development,1,81,45,9,1,0
694,Research & Development,3,99,40,25,3,3
695,Research & Development,3,93,40,14,3,0
696,Research & Development,4,95,40,48,5,2
698,Sales,4,110,40,27,4,6
701,Sales,3,85,40,27,4,0
702,Research & Development,3,98,40,35,3,7
705,Research & Development,3,95,45,17,3,0
706,Research & Development,4,116,40,7,4,0
707,Research & Development,4,134,50,40,3,0
708,Sales,3,101,40,31,2,4
709,Research & Development,3,79,40,32,3,1
711,Research & Development,4,132,50,30,4,0
712,Human Resources,3,90,45,33,2,6
713,Sales,3,79,40,31,3,1
714,Human Resources,4,101,45,31,5,3
715,Sales,4,88,45,15,3,0
716,Research & Development,2,91,45,40,2,10
717,Research & Development,3,112,45,36,3,0
718,Human Resources,3,76,40,20,2,4
719,Human Resources,4,60,45,28,4,6
721,Research & Development,3,114,40,20,3,7
722,Sales,3,70,45,19,3,1
723,Sales,3,98,40,37,3,4
724,Sales,3,99,45,23,3,0
725,Sales,3,99,40,22,3,6
728,Research & Development,4,123,50,31,3,2
731,Research & Development,3,80,40,33,2,5
732,Research & Development,3,112,40,14,2,3
733,Research & Development,3,110,40,32,3,2
734,Sales,3,70,40,23,3,0
735,Sales,3,74,40,24,4,2
736,Sales,3,84,40,33,3,4
737,Research & Development,3,86,40,30,3,0
738,Research & Development,4,103,40,23,4,6
740,Sales,3,87,40,30,3,3
742,Sales,1,95,40,16,1,4
744,Research & Development,4,102,45,30,3,3
745,Research & Development,3,93,40,27,3,0
746,Research & Development,4,128,45,39,3,0
747,Research & Development,3,102,40,29,3,8
751,Sales,3,104,40,31,3,2
753,Research & Development,3,105,40,27,3,3
755,Research & Development,3,69,40,23,3,4
756,Human Resources,3,89,40,38,3,5
757,Research & Development,3,109,45,22,2,2
758,Research & Development,3,101,40,23,2,3
760,Research & Development,2,93,40,30,1,3
763,Sales,4,123,45,37,4,1
765,Research & Development,3,102,45,33,2,3
766,Human Resources,3,66,40,21,3,3
768,Human Resources,4,80,40,24,4,5
771,Research & Development,3,73,50,23,3,3
772,Sales,3,90,40,21,2,2
773,Research & Development,4,116,45,35,4,4
775,Sales,3,74,50,21,3,6
777,Human Resources,3,79,45,21,2,4
778,Sales,4,100,40,22,4,1
779,Research & Development,3,109,40,24,3,3
781,Sales,4,104,40,21,4,2
782,Research & Development,3,113,40,20,3,1
783,Research & Development,4,114,45,36,3,4
784,Research & Development,3,114,40,24,3,4
786,Research & Development,3,118,40,34,3,0
787,Human Resources,3,84,40,32,3,5
788,Sales,3,91,40,30,2,3
789,Sales,3,81,40,31,3,1
793,Research & Development,3,91,40,28,2,3
794,Research & Development,4,98,40,33,3,1
797,Research & Development,3,120,40,32,3,6
799,Sales,3,100,45,30,3,10
800,Research & Development,4,104,45,33,4,0
803,Sales,3,84,40,34,3,0
804,Research & Development,3,99,40,18,3,4
806,Research & Development,3,72,45,28,2,10
807,Research & Development,3,106,40,25,2,0
808,Sales,3,82,40,26,4,5
809,Research & Development,2,44,40,22,2,9
810,Sales,3,106,45,25,4,5
811,Sales,3,73,45,33,2,0
812,Research & Development,3,90,45,31,2,10
813,Human Resources,3,79,40,25,3,2
814,Human Resources,3,60,45,33,4,3
815,Sales,3,102,40,28,3,4
817,Sales,3,94,45,17,3,0
818,Sales,3,62,45,35,3,15
819,Sales,3,79,40,27,3,6
820,Sales,3,89,40,35,3,6
821,Research & Development,3,95,40,24,3,3
824,Research & Development,3,118,40,25,3,0
825,Research & Development,1,43,50,23,1,1
827,Research & Development,3,83,40,34,3,8
829,Research & Development,3,101,45,22,2,0
830,Sales,3,88,40,37,3,0
832,Human Resources,2,59,45,33,2,5
833,Research & Development,3,108,45,39,3,7
835,Research & Development,3,97,40,24,2,3
837,Research & Development,3,115,45,19,3,3
839,Research & Development,2,74,40,29,2,4
840,Research & Development,3,126,40,28,2,1
841,Research & Development,3,103,45,24,2,2
842,Research & Development,3,81,45,37,3,5
843,Human Resources,3,66,40,16,3,0
844,Research & Development,4,99,45,34,4,4
845,Research & Development,4,135,40,26,4,7
846,Research & Development,4,106,40,36,5,5
847,Sales,4,100,40,50,4,5
848,Sales,3,94,45,45,3,3
850,Sales,3,98,45,21,3,5
851,Research & Development,4,121,40,27,5,5
853,Research & Development,3,129,45,14,3,3
856,Research & Development,3,105,50,39,3,9
857,Sales,3,105,40,22,3,1
858,Sales,3,94,45,32,2,6
859,Research & Development,3,114,40,14,2,7
860,Research & Development,3,108,40,22,2,3
862,Research & Development,3,107,45,27,3,6
863,Sales,3,83,50,26,2,9
865,Sales,3,89,45,24,3,2
866,Sales,3,118,45,28,2,1
868,Human Resources,3,70,45,17,4,5
869,Research & Development,3,124,45,31,2,7
870,Research & Development,4,105,40,27,4,3
873,Sales,3,74,40,35,3,3
874,Research & Development,3,108,45,29,3,2
875,Sales,3,76,50,18,3,2
876,Sales,3,95,45,36,3,0
880,Research & Development,3,108,45,28,3,4
882,Research & Development,3,114,40,26,3,1
883,Sales,4,99,40,40,4,7
885,Human Resources,3,78,50,12,3,7
886,Sales,3,77,40,37,2,0
887,Sales,3,99,40,26,2,8
888,Research & Development,3,98,45,29,3,1
889,Research & Development,3,106,50,20,3,2
890,Research & Development,3,56,40,29,2,6
891,Sales,3,98,45,21,2,2
893,Human Resources,2,69,40,27,2,4
894,Sales,3,64,45,27,3,4
895,Sales,3,81,45,30,4,4
898,Research & Development,3,90,40,21,3,5
899,Research & Development,4,104,40,30,4,7
900,Research & Development,3,98,45,22,3,0
901,Research & Development,3,124,40,35,2,3
902,Research & Development,3,97,40,36,2,0
904,Research & Development,3,82,40,29,3,8
905,Research & Development,4,128,40,28,5,1
906,Sales,3,93,45,38,3,3
907,Sales,3,95,40,33,4,8
908,Research & Development,3,84,45,34,3,7
909,Sales,3,117,40,27,2,7
910,Research & Development,2,106,45,23,1,1
911,Sales,3,46,40,28,3,1
913,Sales,3,103,45,30,3,4
915,Sales,3,88,40,38,3,2
916,Sales,3,77,45,33,2,2
917,Research & Development,4,124,45,35,4,5
918,Research & Development,4,101,40,34,3,3
919,Human Resources,3,64,40,28,2,3
922,Human Resources,3,88,45,50,2,0
923,Research & Development,4,111,45,27,4,0
924,Sales,3,122,40,38,3,2
925,Human Resources,4,55,40,43,3,5
926,Sales,4,94,40,29,5,6
927,Research & Development,3,108,50,33,3,7
931,Sales,3,92,45,25,2,3
932,Research & Development,4,128,45,35,3,5
933,Sales,3,101,40,25,3,2
934,Research & Development,3,104,40,23,4,8
935,Research & Development,3,68,45,30,3,0
937,Research & Development,4,80,45,22,3,3
938,Research & Development,3,80,45,24,3,5
939,Sales,3,72,40,20,3,0
940,Research & Development,3,81,40,21,3,0
941,Research & Development,2,107,40,26,2,7
942,Research & Development,3,118,45,28,2,3
943,Sales,4,73,45,54,4,5
944,Research & Development,3,79,45,22,3,2
945,Sales,2,83,40,30,2,7
946,Research & Development,3,104,40,31,4,5
947,Research & Development,3,110,45,32,2,3
948,Sales,3,91,40,24,2,6
949,Research & Development,3,109,40,26,2,5
950,Human Resources,3,89,45,28,2,1
951,Research & Development,3,126,50,23,3,6
953,Sales,3,118,45,37,2,1
954,Research & Development,3,105,40,22,2,7
959,Research & Development,3,92,45,38,3,6
963,Research & Development,3,96,40,36,3,5
964,Sales,3,65,45,18,2,0
965,Research & Development,3,82,40,35,3,0
966,Research & Development,2,101,40,19,2,6
967,Research & Development,3,110,40,40,3,0
968,Research & Development,4,119,40,19,4,1
969,Research & Development,4,107,45,23,4,0
971,Sales,3,88,40,36,2,0
974,Sales,3,119,40,21,2,0
975,Sales,4,95,40,32,4,3
977,Sales,3,62,40,26,3,11
979,Sales,2,79,45,27,1,3
980,Research & Development,3,106,40,36,3,0
983,Research & Development,3,107,45,29,3,2
984,Research & Development,3,89,40,37,3,2
985,Research & Development,4,98,45,33,4,0
986,Sales,3,91,40,35,3,7
987,Research & Development,3,101,45,25,3,6
988,Sales,3,71,40,34,3,7
989,Research & Development,3,86,45,37,1,3
990,Research & Development,3,105,40,24,3,1
991,Research & Development,3,101,40,31,2,0
994,Human Resources,3,72,40,13,2,3
995,Sales,3,101,45,35,3,5
998,Sales,3,103,45,21,3,4
999,Research & Development,3,93,50,40,3,4
1000,Sales,3,90,50,26,4,0
1001,Human Resources,3,77,40,38,3,0
1002,Sales,3,99,40,26,3,1
1005,Sales,3,90,45,26,4,0
1006,Sales,3,108,50,27,2,8
1007,Sales,4,90,45,40,3,0
1008,Research & Development,3,98,40,24,2,9
1010,Research & Development,4,103,40,33,4,6
1011,Research & Development,4,80,50,37,4,3
1014,Research & Development,3,104,40,35,2,6
1019,Research & Development,3,98,45,27,2,1
1023,Sales,3,78,40,35,2,4
1024,Research & Development,4,118,40,20,4,1
1025,Research & Development,3,95,40,27,2,4
1026,Sales,3,109,40,29,2,2
1027,Sales,3,106,40,34,3,1
1028,Sales,3,75,40,35,2,8
1030,Sales,3,91,40,28,3,1
1031,Research & Development,3,74,40,23,3,0
1032,Sales,3,90,45,45,3,6
1033,Research & Development,3,119,40,21,3,0
1034,Research & Development,3,96,40,30,2,6
1035,Research & Development,3,107,40,2,2,14
1036,Research & Development,3,97,40,22,2,3
1037,Research & Development,4,96,40,27,3,9
1038,Sales,3,92,40,19,3,5
1041,Sales,3,109,45,26,3,3
1042,Sales,2,81,40,27,2,5
1043,Research & Development,3,93,45,32,4,2
1044,Research & Development,3,98,50,30,3,6
1045,Sales,4,116,45,33,4,5
1047,Sales,3,115,45,34,3,0
1048,Sales,3,90,40,28,2,6
1049,Research & Development,4,96,40,36,4,0
1050,Research & Development,4,108,40,36,4,5
1051,Research & Development,3,102,40,36,3,0
1053,Human Resources,3,43,40,27,3,5
1054,Research & Development,3,104,50,29,3,6
1055,Sales,4,75,40,27,4,3
1056,Research & Development,3,105,40,32,3,4
1058,Research & Development,3,99,40,33,3,5
1059,Sales,3,107,40,29,3,0
1062,Research & Development,3,118,40,31,2,7
1064,Sales,3,105,40,25,3,4
1066,Human Resources,3,59,40,37,4,2
1068,Research & Development,3,114,45,38,2,2
1069,Sales,4,83,50,48,4,6
1074,Sales,3,76,45,24,3,2
1075,Research & Development,4,116,45,34,3,5
1076,Research & Development,4,101,45,31,4,3
1079,Research & Development,3,84,40,40,2,2
1080,Research & Development,2,105,45,26,2,4
1081,Human Resources,2,47,45,21,1,4
1084,Research & Development,3,102,45,36,3,5
1085,Sales,3,92,45,27,3,5
1086,Research & Development,3,95,45,38,3,0
1088,Human Resources,4,96,40,32,3,0
1089,Human Resources,3,96,45,45,2,3
1090,Sales,3,98,45,42,2,4
1091,Research & Development,4,105,45,35,5,4
1092,Research & Development,3,99,40,27,3,1
1094,Research & Development,3,90,40,29,2,4
1095,Research & Development,2,71,40,23,2,4
1097,Sales,3,85,45,43,2,0
1098,Research & Development,3,126,40,30,3,0
1101,Sales,4,91,40,31,5,2
1102,Research & Development,3,128,50,34,3,9
1103,Sales,3,100,45,29,3,4
1104,Research & Development,4,89,40,41,4,5
1106,Human Resources,3,85,45,39,3,3
1107,Research & Development,3,79,40,36,3,2
1108,Research & Development,3,77,50,23,3,3
1109,Sales,3,96,40,35,3,1
1111,Research & Development,3,85,50,16,3,0
1112,Research & Development,3,127,40,18,2,1
1113,Research & Development,3,91,45,30,3,5
1114,Research & Development,3,96,40,18,2,2
1115,Research & Development,2,121,40,28,1,1
1117,Sales,3,95,45,22,3,2
1118,Sales,4,104,40,25,4,6
1119,Sales,3,115,45,21,2,1
1121,Sales,3,64,40,18,3,3
1122,Sales,3,100,40,35,3,4
1125,Sales,3,81,40,18,3,4
1126,Research & Development,3,126,40,28,3,5
1129,Research & Development,4,104,45,30,4,2
1132,Human Resources,3,48,40,16,3,5
1133,Research & Development,2,73,45,17,2,6
1134,Research & Development,3,120,40,33,4,2
1135,Sales,3,72,45,19,3,1
1138,Sales,3,76,50,38,3,1
1139,Sales,3,91,45,24,3,2
1141,Human Resources,4,66,40,42,4,1
1143,Research & Development,4,117,40,43,4,7
1145,Human Resources,3,71,40,26,2,0
1146,Sales,3,96,45,38,2,1
1147,Research & Development,3,92,45,35,3,1
1150,Human Resources,3,83,45,29,2,0
1152,Research & Development,3,84,50,18,3,0
1156,Sales,4,104,40,26,4,4
1157,Research & Development,3,75,45,22,3,0
1158,Sales,3,104,40,15,2,5
1160,Sales,3,66,45,40,2,6
1161,Research & Development,3,99,50,23,3,5
1162,Sales,3,82,40,42,3,4
1164,Research & Development,3,83,45,25,3,2
1165,Sales,3,99,40,27,3,5
1166,Sales,3,84,40,30,3,0
1168,Research & Development,3,118,45,24,3,6
1169,Research & Development,3,93,40,33,2,1
1170,Research & Development,3,108,40,26,3,4
1171,Sales,4,91,50,42,3,2
1173,Research & Development,3,104,40,25,2,2
1174,Research & Development,3,105,45,38,2,2
1175,Sales,4,100,40,27,3,10
1176,Research & Development,3,114,45,16,3,2
1177,Research & Development,3,100,45,24,3,1
1178,Research & Development,3,111,40,19,3,9
1179,Research & Development,3,111,40,43,4,3
1180,Human Resources,3,97,40,38,3,0
1182,Human Resources,4,79,40,29,4,5
1183,Sales,3,68,40,29,3,1
1186,Sales,3,108,40,23,3,8
1188,Research & Development,1,101,40,19,1,6
1189,Research & Development,4,114,40,35,4,1
1190,Human Resources,3,67,40,23,3,0
1191,Human Resources,3,79,40,13,3,0
1193,Sales,4,118,40,38,3,7
1194,Research & Development,2,109,45,22,1,5
1197,Sales,4,94,40,25,2,1
1198,Human Resources,2,78,45,12,2,3
1199,Sales,4,83,45,31,3,4
1201,Sales,3,72,40,32,3,5
1202,Sales,4,110,40,34,5,2
1203,Sales,3,95,50,31,2,5
1205,Sales,3,65,40,29,4,4
1206,Human Resources,3,82,50,39,3,4
1207,Human Resources,4,74,40,30,4,0
1209,Research & Development,3,109,45,20,3,3
1210,Sales,3,74,40,27,2,1
1211,Sales,3,109,40,44,3,3
1212,Research & Development,3,109,40,33,3,6
1215,Research & Development,4,103,40,40,5,5
1217,Research & Development,4,107,40,40,5,2
1218,Research & Development,3,72,40,26,2,3
1221,Research & Development,3,89,45,30,4,5
1222,Research & Development,3,108,45,28,2,6
1223,Sales,4,78,45,23,4,5
1224,Research & Development,4,99,40,31,3,3
1226,Human Resources,3,69,40,34,2,7
1227,Research & Development,3,97,45,35,3,0
1229,Sales,4,59,40,31,5,0
1230,Research & Development,3,74,40,31,2,1
1231,Sales,4,120,50,38,4,4
1232,Sales,4,109,45,25,4,7
1233,Research & Development,4,105,45,26,4,6
1234,Research & Development,4,104,40,23,4,0
1235,Research & Development,2,95,40,21,2,4
1236,Human Resources,4,70,40,22,4,6
1237,Research & Development,4,128,45,40,4,0
1238,Human Resources,4,83,45,40,4,0
1240,Sales,3,89,45,18,2,4
1241,Research & Development,3,64,45,34,2,0
1243,Research & Development,3,91,50,22,3,7
1245,Research & Development,3,104,40,37,3,5
1246,Research & Development,3,91,40,27,3,3
1248,Research & Development,3,112,40,19,2,6
1250,Sales,3,74,50,23,2,2
1252,Sales,3,107,40,18,3,2
1253,Research & Development,3,105,45,25,2,4
1254,Sales,3,115,40,37,2,0
1256,Sales,3,100,45,33,4,2
1259,Sales,3,84,40,20,4,0
1260,Human Resources,3,108,40,30,3,6
1262,Human Resources,3,81,40,32,3,0
1263,Research & Development,3,101,50,36,3,7
1264,Human Resources,3,70,40,35,3,0
1266,Research & Development,3,106,40,27,4,0
1269,Research & Development,4,94,40,31,4,2
1270,Research & Development,4,116,40,31,4,0
1271,Sales,3,91,40,16,4,3
1272,Sales,3,114,40,21,2,6
1273,Research & Development,3,83,40,10,3,5
1274,Research & Development,3,83,45,34,4,3
1275,Research & Development,3,117,45,37,4,6
1279,Sales,3,72,45,27,3,3
1281,Sales,3,74,40,27,2,2
1282,Sales,3,110,40,33,3,4
1284,Research & Development,3,108,40,32,3,0
1285,Research & Development,3,91,45,31,2,1
1286,Research & Development,3,113,45,29,3,3
1287,Research & Development,3,88,40,26,2,7
1288,Research & Development,3,96,40,19,3,3
1289,Research & Development,4,144,40,33,2,3
1290,Sales,3,58,40,28,4,4
1291,Sales,3,71,45,29,2,4
1293,Sales,3,82,45,26,3,0
1294,Sales,3,78,40,32,3,0
1297,Research & Development,3,102,40,24,3,6
1299,Research & Development,3,109,40,34,3,0
1300,Sales,3,87,40,27,3,1
1302,Research & Development,3,98,50,35,4,0
1303,Sales,3,99,45,25,3,5
1304,Research & Development,3,128,45,25,2,5
1305,Sales,4,82,45,33,3,5
1306,Sales,3,61,40,18,2,2
1308,Research & Development,3,101,40,49,3,5
1310,Research & Development,3,107,45,11,2,4
1311,Sales,3,86,50,30,4,5
1314,Sales,4,106,40,39,4,3
1315,Research & Development,3,124,40,24,3,2
1316,Research & Development,3,84,45,40,3,1
1317,Sales,3,64,40,32,3,1
1318,Research & Development,4,110,40,28,4,1
1319,Sales,3,95,45,30,3,7
1320,Sales,3,118,45,33,2,1
1321,Sales,3,110,40,37,3,1
1323,Research & Development,3,76,45,40,3,6
1324,Research & Development,3,120,40,37,2,4
1325,Human Resources,4,100,40,15,4,4
1327,Research & Development,3,82,40,26,4,1
1329,Human Resources,3,83,40,39,3,0
1330,Research & Development,3,85,45,29,3,3
1331,Research & Development,3,105,40,16,2,4
1332,Research & Development,3,96,40,20,4,0
1333,Research & Development,3,102,50,28,2,2
1334,Research & Development,4,95,50,21,3,6
1335,Research & Development,4,118,45,38,4,1
1336,Sales,4,114,40,29,3,3
1337,Research & Development,4,112,40,46,4,4
1338,Research & Development,4,104,45,44,4,4
1339,Research & Development,2,84,40,25,2,4
1340,Sales,3,113,40,29,3,0
1341,Human Resources,4,80,40,9,4,4
1342,Sales,2,95,40,42,2,10
1343,Sales,3,104,50,27,3,5
1344,Research & Development,3,128,45,31,3,0
1345,Research & Development,3,91,50,38,4,6
1346,Sales,3,73,40,43,2,5
1348,Research & Development,4,89,45,40,4,0
1351,Sales,3,73,40,23,3,0
1352,Research & Development,3,93,40,15,3,7
1353,Research & Development,3,110,40,30,3,2
1354,Research & Development,3,98,40,39,3,7
1356,Sales,4,82,40,33,4,2
1357,Sales,4,61,40,34,4,3
1358,Research & Development,3,120,40,31,3,8
1359,Research & Development,3,111,45,23,2,5
1360,Sales,4,101,40,7,3,1
1361,Sales,3,78,40,34,3,4
1362,Research & Development,3,96,40,20,3,7
1363,Sales,3,69,40,27,3,3
1365,Research & Development,3,95,45,32,2,7
1367,Human Resources,3,87,40,23,2,1
1369,Research & Development,4,118,40,32,4,0
1371,Research & Development,3,100,40,29,3,3
1375,Research & Development,4,116,45,40,5,1
1376,Research & Development,4,147,40,23,4,7
1377,Sales,3,79,40,35,3,8
1379,Research & Development,3,87,45,18,3,3
1380,Research & Development,3,80,45,23,3,3
1381,Research & Development,3,82,50,16,2,3
1382,Research & Development,3,105,45,19,3,0
1384,Research & Development,3,79,45,23,3,5
1385,Research & Development,3,77,45,31,3,0
1386,Research & Development,3,108,40,22,3,0
1387,Research & Development,2,81,45,31,3,1
1388,Research & Development,3,99,40,41,3,4
1390,Sales,2,91,40,37,2,4
1392,Research & Development,3,102,45,23,3,1
1394,Sales,3,73,40,29,2,2
1395,Research & Development,2,85,40,21,1,4
1396,Research & Development,2,87,45,23,2,5
1402,Sales,4,77,50,43,4,9
1403,Sales,3,86,45,33,4,5
1404,Sales,3,56,45,22,3,2
1405,Research & Development,3,105,45,25,3,0
1406,Research & Development,3,114,40,33,2,9
1407,Research & Development,3,113,45,21,3,1
1408,Research & Development,3,112,45,15,2,2
1412,Research & Development,3,85,40,32,3,4
1413,Sales,1,72,45,0,1,1
1414,Sales,4,127,40,44,4,0
1415,Research & Development,3,109,40,29,2,3
1419,Human Resources,3,88,40,24,3,0
1420,Sales,3,89,50,15,3,5
1421,Research & Development,3,119,50,22,3,1
1422,Sales,2,104,45,33,1,1
1423,Research & Development,3,98,40,24,3,2
1424,Sales,3,70,50,20,3,0
1425,Sales,3,95,45,31,2,4
1426,Research & Development,3,99,45,27,2,3
1428,Research & Development,3,109,40,20,2,4
1429,Sales,3,88,40,33,2,3
1430,Research & Development,3,110,40,38,3,0
1432,Research & Development,3,100,45,36,3,0
1433,Research & Development,4,110,40,31,3,0
1434,Human Resources,4,69,40,40,4,5
1436,Sales,3,87,40,34,3,7
1437,Sales,4,83,50,40,4,1
1438,Human Resources,3,83,40,33,2,4
1442,Research & Development,3,117,50,26,3,0
1443,Research & Development,4,138,50,30,4,2
1445,Human Resources,4,75,45,19,4,0
1447,Sales,2,104,40,11,2,11
1448,Research & Development,3,73,40,14,4,4
1449,Research & Development,3,94,50,30,2,0
1450,Sales,2,71,45,23,2,1
1452,Sales,4,84,40,32,4,1
1453,Research & Development,3,100,50,36,2,3
1454,Sales,3,73,40,27,3,1
1455,Research & Development,3,122,40,29,3,0
1456,Research & Development,3,98,40,20,3,6
1457,Research & Development,3,101,45,43,3,1
1458,Research & Development,3,119,45,29,3,0
1460,Research & Development,4,116,40,39,4,7
1461,Human Resources,3,83,40,30,3,7
1462,Research & Development,3,87,40,36,3,5
1464,Sales,3,109,40,52,3,2
1465,Sales,4,98,40,27,4,0
1466,Research & Development,2,97,40,37,3,3
1467,Research & Development,4,97,40,28,3,2
1468,Research & Development,3,108,40,16,3,0
1469,Sales,3,100,45,26,3,2
1470,Sales,3,100,40,32,3,6
1472,Research & Development,3,110,50,41,3,7
1473,Sales,4,93,45,42,4,4
1474,Research & Development,3,125,45,30,2,2
1475,Sales,3,103,45,12,2,7
1476,Sales,3,79,45,34,2,4
1477,Sales,3,111,45,25,3,4
1478,Research & Development,4,120,40,24,3,1
1481,Research & Development,3,109,45,35,3,4
1482,Sales,4,91,40,44,4,2
1484,Research & Development,4,113,40,37,4,2
1487,Sales,3,72,40,28,3,4
1488,Human Resources,3,69,40,29,2,5
1489,Research & Development,3,115,40,34,3,3
1490,Research & Development,4,129,45,27,3,4
1491,Sales,4,84,50,30,5,0
1492,Human Resources,3,92,40,24,3,0
1493,Research & Development,4,117,40,35,5,0
1494,Research & Development,3,84,40,18,3,4
1495,Research & Development,3,123,40,17,4,6
1500,Research & Development,4,90,40,36,3,6
1502,Sales,3,89,50,34,3,4
1503,Research & Development,3,112,45,20,3,2
1504,Research & Development,2,101,40,34,1,3
1506,Research & Development,3,70,50,42,4,5
1507,Human Resources,3,59,40,36,2,0
1508,Research & Development,4,119,50,33,4,0
1509,Research & Development,4,113,40,32,4,0
1510,Research & Development,3,96,45,28,3,9
1511,Research & Development,3,84,45,24,3,6
1512,Research & Development,3,123,40,35,3,2
1513,Research & Development,4,97,40,29,4,8
1515,Sales,4,114,40,38,4,2
1517,Sales,3,69,40,37,3,3
1518,Human Resources,3,61,40,20,4,5
1519,Research & Development,3,98,40,17,4,4
1520,Research & Development,3,73,40,32,2,5
1522,Research & Development,3,116,40,40,2,9
1524,Sales,3,74,40,27,3,4
1525,Research & Development,3,83,50,20,3,6
1526,Sales,4,98,40,41,3,0
1527,Research & Development,3,88,40,18,3,0
1531,Research & Development,4,118,40,11,3,8
1532,Research & Development,4,104,40,31,3,0
1533,Research & Development,3,95,40,44,2,0
1537,Research & Development,3,95,40,34,2,2
1538,Sales,3,81,40,31,2,5
1539,Research & Development,3,107,40,25,3,6
1541,Research & Development,3,106,45,35,3,9
1542,Sales,3,74,40,21,3,10
1543,Research & Development,3,72,40,18,4,6
1544,Research & Development,4,106,40,26,4,0
1545,Research & Development,3,83,45,29,3,4
1546,Human Resources,4,88,40,36,4,0
1547,Research & Development,3,105,40,30,3,2
1548,Research & Development,3,110,40,36,3,1
1549,Sales,3,95,50,39,4,2
1550,Research & Development,4,97,50,36,4,3
1551,Research & Development,4,82,45,39,4,7
1552,Sales,3,101,40,33,2,2
1553,Research & Development,1,64,40,37,1,4
1554,Research & Development,3,120,40,26,3,2
1555,Human Resources,2,56,40,33,2,0
1556,Research & Development,3,89,40,36,3,2
1557,Human Resources,4,133,40,25,4,0
1558,Research & Development,3,122,45,38,3,1
1559,Research & Development,2,81,40,36,1,1
1561,Research & Development,4,90,40,33,5,6
1562,Sales,3,96,40,36,3,4
1563,Research & Development,3,99,45,15,3,3
1564,Research & Development,3,78,45,14,2,8
1565,Research & Development,3,104,40,39,3,2
1566,Research & Development,4,107,40,28,3,5
1567,Sales,3,63,40,31,2,5
1568,Sales,3,99,40,32,3,2
1569,Human Resources,3,64,40,40,3,2
1570,Human Resources,3,60,40,25,3,0
1572,Human Resources,2,74,40,23,1,1
1573,Sales,3,85,40,19,4,4
1574,Human Resources,3,105,45,20,2,5
1575,Research & Development,4,109,50,15,4,5
1576,Sales,3,92,40,23,3,4
1577,Research & Development,3,123,40,34,4,3
1579,Research & Development,3,90,40,34,2,3
1581,Research & Development,3,104,40,35,3,1
1582,Sales,3,79,40,37,3,4
1583,Sales,4,103,40,33,4,4
1584,Sales,3,85,40,37,2,6
1587,Sales,4,118,45,34,3,0
1588,Research & Development,3,77,40,28,2,10
1589,Sales,3,87,45,23,3,2
1591,Research & Development,1,82,40,23,1,7
1592,Research & Development,3,92,40,12,2,0
1593,Research & Development,3,93,40,34,3,2
1594,Sales,3,71,40,28,3,2
1595,Research & Development,3,126,40,38,3,0
1600,Sales,3,71,50,19,3,3
1601,Sales,3,101,40,31,3,5
1602,Research & Development,3,99,40,35,3,0
1603,Sales,3,106,40,21,4,2
1605,Research & Development,3,116,45,19,3,4
1606,Research & Development,3,95,40,19,3,0
1607,Sales,3,53,50,14,2,0
1609,Research & Development,4,148,40,31,3,3
1610,Research & Development,4,124,40,39,4,8
1611,Research & Development,3,97,40,23,3,0
1612,Sales,3,83,45,41,3,3
1613,Research & Development,2,75,50,22,2,1
1614,Sales,4,109,45,27,4,4
1616,Sales,2,77,45,21,2,1
1617,Sales,3,106,40,22,3,4
1618,Research & Development,4,82,50,40,4,2
1619,Human Resources,3,71,45,31,3,3
1620,Research & Development,2,74,45,28,2,7
1621,Research & Development,3,62,45,27,3,1
1622,Sales,4,100,40,21,3,6
1623,Research & Development,3,99,40,14,2,0
1624,Research & Development,3,99,45,29,3,0
1625,Research & Development,3,95,40,5,2,2
1626,Research & Development,3,80,45,34,3,6
1627,Research & Development,3,115,40,38,2,5
1628,Sales,3,73,40,43,3,5
1629,Research & Development,3,92,40,22,2,6
1630,Research & Development,3,84,45,32,3,7
1631,Sales,3,91,40,46,4,4
1636,Sales,3,110,40,24,3,2
1638,Research & Development,3,117,50,38,3,9
1640,Research & Development,3,73,40,25,3,8
1641,Research & Development,3,84,45,28,3,2
1642,Sales,3,104,40,32,2,5
1643,Research & Development,3,126,40,12,3,0
1645,Research & Development,3,111,40,21,3,0
1646,Research & Development,3,71,40,31,3,6
1647,Research & Development,4,81,40,31,4,3
1648,Sales,3,109,40,26,3,0
1650,Research & Development,3,103,40,23,3,2
1651,Research & Development,3,88,40,22,3,0
1652,Research & Development,4,111,45,27,4,2
1653,Sales,3,100,50,26,2,1
1654,Research & Development,3,117,45,26,4,1
1655,Research & Development,4,93,50,28,4,1
1656,Sales,3,72,50,26,3,5
1657,Research & Development,3,105,40,41,4,0
1658,Human Resources,3,51,45,32,3,2
1659,Sales,3,97,45,34,3,3
1660,Research & Development,4,115,40,56,3,3
1661,Research & Development,3,107,40,26,3,3
1666,Research & Development,3,91,45,30,2,3
1667,Research & Development,3,87,40,27,3,0
1668,Research & Development,3,91,50,26,2,2
1669,Research & Development,3,107,45,24,3,3
1670,Sales,3,57,40,17,2,2
1671,Sales,3,72,40,34,2,1
1672,Research & Development,3,121,40,26,4,4
1674,Sales,3,87,40,19,2,0
1675,Research & Development,3,103,45,26,3,6
1677,Research & Development,3,108,40,29,3,2
1680,Human Resources,3,101,40,19,3,6
1681,Research & Development,4,108,40,36,4,6
1684,Human Resources,4,106,40,21,4,5
1685,Research & Development,4,70,45,33,4,4
1687,Research & Development,3,81,45,40,2,4
1688,Sales,2,89,40,30,1,8
1689,Sales,3,98,40,23,3,4
1691,Sales,3,104,40,14,3,1
1693,Research & Development,3,90,40,20,2,7
1695,Sales,3,82,40,21,3,9
1698,Research & Development,3,103,50,16,3,6
1700,Research & Development,3,102,40,24,4,4
1702,Research & Development,3,135,45,30,3,2
1703,Sales,3,101,40,24,3,3
1704,Sales,3,89,45,21,2,0
1707,Research & Development,2,71,40,39,2,5
1709,Research & Development,2,58,40,8,3,4
1710,Research & Development,3,89,50,20,2,0
1711,Research & Development,4,110,40,34,4,5
1712,Research & Development,4,103,45,31,3,4
1713,Sales,3,80,45,20,3,6
1714,Research & Development,3,82,45,35,3,3
1718,Sales,3,99,45,31,3,3
1719,Research & Development,3,99,40,36,3,5
1720,Research & Development,4,98,40,18,4,6
1721,Sales,3,111,45,28,3,3
1722,Sales,4,113,40,41,5,4
1725,Research & Development,2,103,40,37,1,6
1727,Research & Development,4,110,40,14,4,0
1728,Research & Development,4,110,45,41,4,7
1729,Sales,3,94,45,37,4,0
1731,Sales,3,87,40,28,3,0
1732,Sales,3,95,40,17,2,2
1733,Sales,3,95,45,34,2,0
1736,Research & Development,2,76,40,36,1,10
1737,Human Resources,3,51,50,36,4,0
1738,Sales,3,84,45,15,3,4
1739,Research & Development,2,95,40,34,2,1
1740,Sales,4,90,45,34,5,7
1741,Sales,3,78,40,35,3,4
1742,Research & Development,3,84,40,40,3,1
1743,Sales,4,112,40,34,4,2
1745,Sales,3,102,45,45,4,2
1746,Research & Development,4,96,40,24,5,0
1747,Research & Development,3,137,40,18,2,5
1750,Research & Development,3,102,40,32,3,4
1753,Research & Development,4,114,40,29,4,0
1754,Human Resources,4,70,40,33,4,2
1756,Research & Development,4,92,40,38,4,3
1757,Research & Development,4,104,40,34,4,4
1759,Sales,3,92,45,12,2,2
1761,Human Resources,3,110,40,29,3,5
1762,Research & Development,3,118,45,25,3,5
1765,Research & Development,3,109,40,36,2,1
1766,Research & Development,4,114,40,29,4,0
1767,Research & Development,3,87,40,38,2,2
1768,Research & Development,2,115,45,30,2,3
1770,Research & Development,3,98,40,12,2,0
1771,Sales,3,105,40,15,3,3
1774,Research & Development,3,94,50,28,2,5
1775,Research & Development,3,99,45,28,2,3
1776,Research & Development,4,145,50,49,4,0
1777,Research & Development,3,89,45,25,3,3
1778,Sales,3,91,45,26,3,4
1779,Sales,3,92,45,30,3,7
1780,Sales,4,87,45,19,4,1
1781,Sales,4,120,40,47,4,0
1782,Research & Development,3,94,40,27,3,5
1784,Research & Development,4,111,40,30,4,2
1786,Research & Development,3,85,40,22,3,3
1787,Research & Development,3,120,40,27,3,3
1789,Human Resources,3,73,45,27,2,0
1792,Sales,3,62,40,37,3,4
1794,Research & Development,3,97,45,30,3,0
1796,Research & Development,3,110,45,25,3,3
1799,Human Resources,3,80,40,28,2,7
1800,Research & Development,3,98,40,27,3,2
1801,Research & Development,3,112,40,18,4,3
1802,Sales,3,97,40,25,2,2
1804,Research & Development,3,108,45,31,3,2
1806,Research & Development,4,133,40,30,4,4
1808,Sales,3,97,50,41,3,6
1809,Sales,4,87,45,32,4,5
1810,Research & Development,3,109,50,31,4,3
1811,Human Resources,3,69,40,20,3,6
1812,Sales,3,102,40,38,3,2
1815,Research & Development,3,81,45,46,3,2
1816,Human Resources,4,69,45,24,4,5
1817,Research & Development,3,114,50,37,3,1
1818,Research & Development,3,91,40,33,3,7
1819,Sales,3,102,40,30,3,4
1821,Sales,3,86,45,31,3,5
1824,Research & Development,3,92,40,34,2,9
1826,Research & Development,3,119,40,17,3,5
1827,Research & Development,4,111,40,33,5,3
1830,Sales,3,98,40,35,3,3
1832,Research & Development,4,124,45,40,3,0
1833,Research & Development,2,80,45,22,1,2
1834,Sales,3,89,40,27,3,5
1835,Research & Development,3,88,40,13,2,5
1839,Research & Development,3,119,45,30,3,9
1840,Sales,3,76,40,35,3,2
1841,Research & Development,4,95,40,34,4,1
1844,Sales,3,73,40,38,3,2
1845,Research & Development,3,104,40,37,3,5
1847,Research & Development,3,119,40,24,3,4
1848,Human Resources,3,66,45,22,2,2
1849,Sales,3,83,40,36,2,7
1850,Sales,3,93,45,20,3,7
1853,Research & Development,3,76,45,26,3,6
1856,Research & Development,3,94,45,28,3,6
1857,Sales,3,61,40,40,3,3
1859,Sales,3,97,40,35,3,4
1860,Sales,3,94,45,34,4,3
1861,Sales,4,92,45,36,3,1
1862,Sales,4,96,45,36,4,4
1865,Sales,3,112,40,21,3,3
1866,Research & Development,3,90,45,24,4,2
1867,Sales,3,73,40,34,3,10
1868,Research & Development,3,61,40,31,2,4
1870,Sales,3,75,40,42,3,3
1871,Sales,3,87,50,15,3,7
1872,Research & Development,3,101,40,25,2,1
1873,Research & Development,2,88,40,20,2,8
1875,Research & Development,3,109,40,32,3,2
1876,Sales,3,87,45,21,3,2
1877,Research & Development,4,112,45,34,4,0
1879,Research & Development,3,113,40,24,3,0
1880,Sales,3,69,45,31,2,6
1884,Sales,4,92,40,36,4,6
1885,Sales,3,112,40,26,2,3
1889,Human Resources,3,88,40,37,3,5
1890,Research & Development,3,108,40,32,3,3
1892,Sales,4,76,40,43,3,1
1893,Sales,3,107,45,16,3,0
1894,Research & Development,3,103,45,39,4,4
1895,Research & Development,4,113,45,37,4,0
1899,Sales,4,98,50,41,4,4
1901,Sales,3,93,45,31,3,0
1902,Research & Development,4,93,40,31,4,8
1903,Research & Development,3,85,40,28,2,0
1904,Research & Development,3,93,40,36,3,0
1905,Sales,2,104,40,37,1,5
1906,Research & Development,3,103,40,23,3,7
1907,Sales,3,101,50,14,2,5
1908,Research & Development,3,88,40,28,3,6
1910,Research & Development,3,101,45,29,3,4
1912,Sales,3,96,45,18,2,0
1913,Research & Development,3,112,40,31,1,3
1915,Human Resources,3,58,40,20,3,3
1916,Research & Development,3,127,40,22,3,3
1918,Research & Development,3,95,40,28,3,3
1921,Research & Development,4,101,40,33,5,5
1922,Research & Development,2,103,40,30,1,5
1923,Human Resources,3,62,40,31,3,4
1925,Research & Development,4,72,40,31,4,7
1926,Research & Development,3,87,40,19,2,3
1927,Research & Development,3,81,50,30,3,7
1928,Sales,3,86,40,25,3,3
1930,Research & Development,4,116,50,47,4,1
1931,Sales,3,113,40,33,3,0
1933,Research & Development,3,105,40,14,3,0
1934,Research & Development,3,102,40,20,2,0
1936,Sales,1,76,45,28,2,5
1937,Human Resources,3,82,40,16,3,11
1938,Research & Development,3,95,40,28,2,0
1941,Human Resources,3,65,40,25,3,0
1942,Sales,3,72,45,10,4,0
1943,Research & Development,3,89,45,27,3,5
1944,Research & Development,3,80,45,19,2,2
1945,Sales,4,107,40,47,4,2
1947,Research & Development,4,87,40,20,4,2
1948,Research & Development,3,104,40,38,4,3
1949,Sales,3,86,45,33,3,7
1950,Research & Development,3,116,45,19,2,2
1954,Sales,3,68,40,22,3,6
1955,Research & Development,3,114,40,28,2,0
1957,Human Resources,3,45,40,39,3,0
1958,Research & Development,2,94,45,32,1,6
1959,Research & Development,4,105,40,16,4,7
1960,Research & Development,3,116,45,43,3,1
1961,Research & Development,3,116,45,34,3,5
1962,Human Resources,3,84,40,45,3,0
1963,Sales,3,92,40,21,3,2
1964,Human Resources,3,96,40,37,2,5
1965,Research & Development,3,103,40,23,3,0
1966,Research & Development,4,103,40,49,3,2
1970,Research & Development,3,109,45,30,3,2
1971,Sales,3,109,40,29,3,5
1972,Research & Development,3,91,40,42,3,1
1974,Research & Development,3,85,40,19,3,2
1975,Sales,3,82,45,35,3,3
1976,Sales,3,81,40,31,3,6
1978,Sales,2,82,50,27,1,4
1979,Research & Development,3,97,40,37,3,3
1980,Research & Development,3,117,40,45,3,6
1981,Research & Development,3,93,40,26,3,4
1985,Research & Development,4,130,40,37,3,5
1986,Human Resources,3,64,40,31,3,0
1988,Sales,3,94,40,25,3,1
1990,Research & Development,3,101,40,24,3,0
1992,Research & Development,3,100,40,23,3,6
1993,Sales,2,80,45,21,2,2
1994,Research & Development,3,117,45,12,4,4
1995,Human Resources,3,97,40,31,3,12
1996,Sales,3,96,45,32,3,5
1998,Research & Development,3,102,40,45,2,6
1999,Research & Development,3,87,40,20,3,7
2001,Research & Development,4,93,40,27,4,7
2002,Sales,3,94,40,21,3,2
2003,Research & Development,3,126,40,23,3,11
2004,Sales,3,78,40,17,3,0
2005,Research & Development,3,90,40,32,4,2
2006,Research & Development,3,102,50,8,2,1
2007,Research & Development,3,89,45,21,3,2
2008,Research & Development,3,82,40,44,3,0
2009,Human Resources,3,50,45,30,3,3
2010,Sales,3,79,45,54,2,4
2011,Research & Development,3,73,40,33,3,4
2013,Human Resources,4,77,45,34,5,1
2014,Research & Development,4,99,40,31,5,6
2015,Human Resources,3,58,40,20,3,4
2016,Human Resources,3,69,45,27,2,7
2019,Research & Development,3,73,45,14,2,0
2020,Research & Development,3,96,45,32,3,7
2021,Research & Development,3,74,40,33,2,5
2022,Research & Development,3,110,45,29,3,6
2023,Human Resources,3,53,40,42,3,1
2024,Research & Development,4,113,40,43,3,0
2026,Research & Development,3,113,45,29,3,6
2029,Sales,3,97,40,36,3,0
2034,Sales,3,81,40,14,3,1
2035,Research & Development,3,106,40,28,3,0
2037,Sales,3,96,45,29,3,6
2038,Sales,3,88,50,27,3,2
2040,Sales,3,105,40,23,3,4
2041,Research & Development,3,108,40,33,3,2
2043,Research & Development,3,107,40,25,3,3
2044,Research & Development,4,95,40,25,4,5
2046,Research & Development,3,93,40,16,2,6
2047,Research & Development,3,82,45,22,3,1
2049,Research & Development,3,106,40,29,3,2
2050,Sales,3,61,40,34,4,0
2051,Research & Development,3,73,40,42,3,1
2053,Human Resources,3,72,40,29,2,3
2057,Research & Development,4,123,40,23,3,1
2061,Research & Development,4,123,40,27,4,1
2065,Research & Development,3,104,40,31,2,5
2066,Human Resources,2,51,45,10,1,7
2067,Research & Development,4,108,40,28,5,2
2068,Research & Development,3,119,50,37,3,1
2070,Human Resources,3,58,45,25,3,2
2071,Research & Development,3,93,40,29,3,7
2072,Research & Development,4,106,40,19,4,2
2073,Research & Development,3,81,40,29,3,4
2076,Research & Development,3,87,40,27,4,0
2077,Sales,3,74,45,37,3,0
2078,Research & Development,3,121,45,45,3,5
2079,Research & Development,3,123,40,17,3,0
2080,Research & Development,4,102,40,30,4,2
2081,Research & Development,3,81,45,15,3,1
2082,Human Resources,3,63,40,39,3,1
2085,Research & Development,3,77,45,30,3,2
2087,Research & Development,3,77,40,28,2,5
2088,Sales,4,107,40,18,4,1
2089,Research & Development,3,86,40,34,2,6
2090,Research & Development,3,100,40,34,2,0
2091,Research & Development,3,86,40,31,2,3
2092,Human Resources,3,73,40,25,3,0
2093,Sales,3,92,50,18,4,0
2094,Human Resources,3,91,50,26,2,4
2096,Human Resources,3,56,40,17,3,5
2097,Research & Development,2,113,40,29,1,4
